SNR,BER,PER
-3.000000000000,0.119602017937,1.000000000000
-2.555555555556,0.034310538117,0.990000000000
-2.111111111111,0.000498878924,0.830000000000
-1.666666666667,0.000000000000,0.000000000000
-1.222222222222,0.000000000000,0.000000000000
-0.777777777778,0.000000000000,0.000000000000
-0.333333333333,0.000000000000,0.000000000000
0.111111111111,0.000000000000,0.000000000000
0.555555555556,0.000000000000,0.000000000000
1.000000000000,0.000000000000,0.000000000000
