SNR,BER
-3.000000000000,0.141087443946,1.000000000000
-2.555555555556,0.096356502242,1.000000000000
-2.111111111111,0.041928251121,1.000000000000
-1.666666666667,0.008688340807,1.000000000000
-1.222222222222,0.000504484305,0.800000000000
-0.777777777778,0.000000000000,0.000000000000
-0.333333333333,0.000000000000,0.000000000000
0.111111111111,0.000000000000,0.000000000000
0.555555555556,0.000000000000,0.000000000000
1.000000000000,0.000000000000,0.000000000000
