SNR,BER,PER
-3.000000000000,0.123430493274,1.000000000000
-2.555555555556,0.065302690583,1.000000000000
-2.111111111111,0.018946188341,1.000000000000
-1.666666666667,0.000112107623,0.200000000000
-1.222222222222,0.000000000000,0.000000000000
-0.777777777778,0.000000000000,0.000000000000
-0.333333333333,0.000000000000,0.000000000000
0.111111111111,0.000000000000,0.000000000000
0.555555555556,0.000000000000,0.000000000000
1.000000000000,0.000000000000,0.000000000000
